income_thr,manu_thr,N,coef,p,members
12535,0.15,6,-0.012,0.863,"CHN, KOR, MEX, MYS, THA, TWN"
12535,0.18,6,-0.012,0.863,"CHN, KOR, MEX, MYS, THA, TWN"
12535,0.2,5,0.022,0.761,"CHN, KOR, MYS, THA, TWN"
12535,0.22,4,0.069,0.329,"CHN, KOR, THA, TWN"
12535,0.25,4,0.069,0.329,"CHN, KOR, THA, TWN"
15000,0.15,5,0.005,0.951,"KOR, MEX, MYS, THA, TWN"
15000,0.18,5,0.005,0.951,"KOR, MEX, MYS, THA, TWN"
15000,0.2,4,0.049,0.539,"KOR, MYS, THA, TWN"
15000,0.22,3,0.119,0.077,"KOR, THA, TWN"
15000,0.25,3,0.119,0.077,"KOR, THA, TWN"
20000,0.15,3,0.056,0.588,"KOR, MYS, TWN"
20000,0.18,3,0.056,0.588,"KOR, MYS, TWN"
20000,0.2,3,0.056,0.588,"KOR, MYS, TWN"
20000,0.22,2,0.162,0.035,"KOR, TWN"
20000,0.25,2,0.162,0.035,"KOR, TWN"
25000,0.15,3,0.056,0.588,"KOR, MYS, TWN"
25000,0.18,3,0.056,0.588,"KOR, MYS, TWN"
25000,0.2,3,0.056,0.588,"KOR, MYS, TWN"
25000,0.22,2,0.162,0.035,"KOR, TWN"
25000,0.25,2,0.162,0.035,"KOR, TWN"
30000,0.15,2,0.162,0.035,"KOR, TWN"
30000,0.18,2,0.162,0.035,"KOR, TWN"
30000,0.2,2,0.162,0.035,"KOR, TWN"
30000,0.22,2,0.162,0.035,"KOR, TWN"
30000,0.25,2,0.162,0.035,"KOR, TWN"
