group,basis,1995–2000,2000–2005,2005–2010,2010–2015,2015–2019
ASEAN,PBE,1.43,0.801,0.636,0.479,0.834
China,PBE,0.352,1.071,0.746,0.417,0.811
EU-Core,PBE,-0.103,-0.165,-1.103,-1.024,-0.877
EU-Periphery,PBE,-0.095,0.461,-1.573,-4.349,-0.217
High-income Importer,PBE,0.401,-0.075,-1.289,-0.352,-0.505
Non-EU Sandwich,PBE,0.813,0.51,0.369,0.284,0.22
Resource,PBE,0.73,0.907,0.559,0.546,-0.352
ASEAN,CBE,0.027,0.925,0.906,0.563,0.873
China,CBE,0.366,0.752,0.966,0.605,1.06
EU-Core,CBE,0.08,0.23,-1.736,-1.108,-0.44
EU-Periphery,CBE,0.328,0.703,-1.861,-7.429,0.05
High-income Importer,CBE,0.716,0.27,-2.872,-0.322,-0.381
Non-EU Sandwich,CBE,0.529,0.574,-0.029,-0.052,0.516
Resource,CBE,0.992,0.271,0.939,0.21,-1.211
