code,name,group,is_eu,gdppc_ppp_2019,gdppc_nominal_2019,manu_share_2019,PBE_1995,CBE_1995,GDP_1995,PBE_2000,CBE_2000,GDP_2000,PBE_2005,CBE_2005,GDP_2005,PBE_2010,CBE_2010,GDP_2010,PBE_2015,CBE_2015,GDP_2015,PBE_2019,CBE_2019,GDP_2019
SWE,Sweden,EU-Core,1,52587.47,51648.9,0.13185,82.112,105.293,298073.219,78.267,109.502,355535.594,72.391,108.577,404731.781,68.993,105.144,442104.094,57.932,94.769,492281.844,53.327,88.049,532053.688
FRA,France,EU-Core,1,43802.4,40408.2,0.09911,544.598,654.713,2015065.75,552.971,696.757,2328356.75,550.038,753.976,2531203.75,520.595,707.886,2636758.0,469.84,625.143,2775129.5,445.849,615.491,2965338.5
GBR,United Kingdom,EU-Core,1,44341.75,43160.6,0.08982,791.629,857.769,1840006.125,778.475,961.066,2195091.25,763.856,1002.523,2507101.25,676.202,843.548,2572214.75,595.709,787.852,2842980.25,546.808,727.252,3016695.25
AUT,Austria,EU-Core,1,53414.17,49885.9,0.17102,74.516,110.728,308509.5,76.848,110.74,357462.094,86.486,120.338,390156.969,81.638,110.016,416311.125,71.886,99.074,438764.625,75.535,99.803,476723.312
DEU,Germany,EU-Core,1,51177.19,47656.2,0.19309,1127.011,1444.314,3107615.0,1074.669,1333.887,3410944.5,1037.441,1260.923,3503034.0,1000.455,1185.207,3714678.5,966.04,1093.038,4039011.0,862.64,1046.169,4314067.5
BEL,Belgium,EU-Core,1,45382.94,46716.6,0.12413,151.15,167.305,344239.844,155.466,168.79,396405.156,148.926,183.952,436446.062,135.296,167.958,469779.156,119.407,147.747,501096.438,118.373,142.957,534102.312
FIN,Finland,EU-Core,1,45060.73,48358.1,0.14712,78.492,79.678,148207.938,76.357,83.222,190218.203,75.618,93.391,216430.219,83.527,88.264,226641.656,60.836,69.325,227502.672,58.742,69.459,248022.422
IRL,Ireland,EU-Core,1,101665.95,81827.6,0.3193,57.599,48.575,128859.633,66.912,60.01,201920.703,70.514,74.416,261887.016,69.594,68.47,267345.969,70.365,62.941,370715.531,76.741,82.495,472685.656
NLD,Netherlands,EU-Core,1,55576.78,53554.9,0.10421,241.362,252.311,597265.0,234.672,254.122,738727.188,232.815,251.003,789668.75,230.966,242.978,845664.938,215.289,216.95,877776.75,202.627,216.225,960770.875
LUX,Luxembourg,EU-Core,1,91273.42,112696.6,0.05043,7.76,10.315,25104.143,7.735,8.278,33502.566,10.41,10.277,38744.465,10.191,9.601,43718.676,10.162,9.267,50372.445,10.639,9.191,56563.883
DNK,Denmark,EU-Core,1,54055.92,59404.2,0.13402,92.285,95.448,208939.016,92.95,88.347,242377.438,102.138,90.904,258958.984,101.912,83.319,261699.938,86.089,70.569,279010.688,88.151,68.491,311263.656
MLT,Malta,EU-Periphery,1,39354.45,32421.9,0.0643,2.994,3.573,6575.534,3.113,3.864,8442.527,3.336,4.27,9350.417,3.185,3.931,10333.938,2.422,3.484,13657.646,2.519,3.826,17294.842
CYP,Cyprus,EU-Periphery,1,32673.78,29227.1,0.05406,7.328,10.129,15308.753,8.612,11.018,18782.49,9.833,12.607,22886.9,10.107,13.111,26095.383,8.283,9.542,23981.67,8.879,11.288,28697.797
ITA,Italy,EU-Periphery,1,40674.1,33812.7,0.14803,537.605,679.713,2142860.0,553.538,725.128,2372886.25,590.83,784.291,2483416.5,532.319,698.895,2447851.25,455.167,559.255,2365813.25,436.23,545.031,2467813.5
LVA,Latvia,EU-Periphery,1,29622.73,17294.9,0.11023,13.589,17.039,22499.08,12.023,16.501,29004.75,12.216,17.524,43019.309,13.438,15.225,41999.477,12.35,15.359,50138.145,13.086,15.718,56261.555
ESP,Spain,EU-Periphery,1,40426.98,29786.5,0.10697,323.922,383.08,1137477.375,389.286,453.131,1390239.625,439.526,550.415,1633946.875,364.984,445.584,1713814.0,346.699,381.701,1711591.875,324.897,376.634,1896315.375
SVK,Slovakia,EU-Periphery,1,27759.21,19406.0,0.18702,53.0,41.049,62582.383,48.747,42.975,74339.531,50.46,47.543,95000.102,45.724,48.864,120716.492,40.766,43.909,137009.594,39.883,45.178,153090.969
SVN,Slovenia,EU-Periphery,1,34326.81,25814.1,0.20574,18.566,22.19,37178.0,18.117,21.156,45458.301,19.291,23.026,54164.613,19.021,22.349,59426.113,16.176,17.886,60665.824,17.275,19.531,70660.039
HRV,Croatia,EU-Periphery,1,26171.15,15563.7,0.11994,22.309,25.656,66323.664,25.191,27.724,78293.992,29.636,36.824,97626.812,28.247,31.612,100203.102,24.663,26.453,99385.305,25.211,28.435,112132.875
PRT,Portugal,EU-Periphery,1,31980.42,23343.3,0.11938,69.61,87.835,235387.156,82.78,106.652,287572.5,87.958,111.918,300237.438,71.29,88.706,309248.719,70.141,73.185,296486.906,66.021,73.406,329200.75
ROU,Romania,EU-Periphery,1,27970.39,12909.6,0.17243,179.961,153.692,257088.656,134.371,124.912,254189.891,145.006,144.184,334411.156,123.309,124.59,384478.062,115.952,114.335,445137.906,118.782,130.384,543143.125
LTU,Lithuania,EU-Periphery,1,32761.06,19608.7,0.16003,25.244,27.663,34326.309,21.866,28.375,43075.25,24.458,29.617,62181.051,23.266,27.559,65921.43,23.507,26.489,79400.625,26.169,27.307,92056.617
EST,Estonia,EU-Periphery,1,34005.52,24021.2,0.1288,22.0,16.476,16766.566,18.643,18.124,22755.881,20.662,19.633,32388.383,21.642,16.791,31880.422,18.771,17.006,37549.113,14.984,15.306,44788.539
GRC,Greece,EU-Periphery,1,27391.58,19335.3,0.0784,127.538,141.097,239539.109,143.511,162.457,286495.75,143.792,173.223,346666.031,128.19,145.441,341005.406,104.347,105.01,277674.531,100.983,95.927,289493.219
BGR,Bulgaria,EU-Periphery,1,21474.7,10354.2,0.0,75.402,43.561,84740.68,57.531,47.479,76621.211,63.971,54.957,101080.453,62.224,50.322,118529.117,63.977,46.982,129420.383,58.083,43.728,148186.922
HUN,Hungary,EU-Periphery,1,29385.54,17012.8,0.17326,82.992,81.107,155752.797,82.115,84.326,179893.672,84.479,95.234,223032.453,72.945,75.12,221760.125,68.433,67.368,245726.453,70.362,73.738,288606.094
CZE,Czech Republic,EU-Periphery,1,37584.1,24062.7,0.22127,142.245,124.763,216333.062,137.508,123.474,235755.938,136.088,121.828,285575.781,130.671,123.126,322811.0,117.642,108.247,351085.031,112.599,111.114,399767.312
POL,Poland,EU-Periphery,1,32064.52,15874.5,0.16661,461.19,402.944,464354.156,396.417,379.91,600618.312,405.743,377.891,697917.938,420.852,407.472,881506.938,398.446,368.194,1019621.625,406.706,378.702,1214221.5
KOR,Republic of Korea,Non-EU Sandwich,0,42106.48,33827.0,0.2637,385.96,459.291,811252.062,458.137,510.733,1071742.0,516.069,632.332,1370150.875,591.141,662.516,1692175.25,629.149,654.868,1966652.0,640.966,687.698,2193132.25
TWN,Taiwan,Non-EU Sandwich,0,46636.35,25903.2,0.31,229.596,230.698,436573.219,319.994,297.715,581268.438,364.614,296.146,710154.438,366.005,259.631,877505.312,371.27,259.621,1012657.375,384.736,280.938,1127988.75
CHN,China,China,0,14031.46,10343.0,0.26259,4095.134,3690.588,4657186.5,4498.735,4068.942,5962253.0,6969.57,5637.659,9019761.0,9809.891,8611.863,13947309.0,11108.951,10266.989,18379366.0,12184.302,11565.078,20572606.0
PHL,Philippines,ASEAN,0,8449.89,3400.8,0.18516,119.592,124.15,286652.312,137.297,139.696,341509.219,150.218,149.822,427400.219,162.226,169.874,543782.062,190.683,215.388,724863.688,231.315,282.952,929959.5
BRN,Brunei Darussalam,ASEAN,0,71687.65,30426.6,0.02328,5.112,5.701,22720.068,4.931,4.224,24272.986,5.394,4.108,26895.332,8.28,6.054,27793.434,7.147,6.551,27655.996,7.879,8.102,28401.256
THA,Thailand,ASEAN,0,17123.59,7605.7,0.25622,225.767,237.869,571112.25,210.145,195.682,592014.0,269.16,274.057,771633.625,290.843,284.345,927547.562,310.347,284.658,1072781.25,321.674,321.934,1229521.375
IDN,Indonesia,ASEAN,0,11530.34,4106.9,0.19704,421.761,410.97,1129058.375,491.345,419.911,1170903.125,594.582,529.566,1475089.5,712.862,704.525,1949968.25,846.389,829.45,2551760.25,960.104,951.985,3110469.5
KHM,Cambodia,ASEAN,0,4514.47,2225.9,0.24616,14.678,13.717,12823.481,24.003,20.289,18108.285,25.033,21.579,28300.596,29.808,26.177,39094.355,31.421,27.778,55303.887,38.843,35.803,72751.438
MMR,Myanmar,ASEAN,0,5140.21,1426.0,0.2532,65.552,63.852,34407.953,70.774,60.933,52466.574,83.851,64.374,96877.711,91.076,82.796,158935.922,104.789,102.856,225959.344,129.173,117.529,279259.0
MYS,Malaysia,ASEAN,0,25607.21,10920.2,0.21409,134.635,98.853,264734.656,187.781,97.37,334534.031,246.257,136.632,421686.25,299.147,204.711,524920.562,306.597,235.551,679926.25,321.61,260.28,821182.812
VNM,Viet Nam,ASEAN,0,7496.65,3440.9,0.23787,101.233,94.168,158494.547,137.468,114.403,221788.625,187.914,158.932,315155.969,257.076,216.106,428070.531,302.51,260.231,570513.0,469.892,365.121,741653.562
LAO,Lao People's DR,ASEAN,0,7582.38,2589.3,0.07644,9.671,9.374,11184.787,10.394,9.329,15088.301,11.133,10.949,20695.756,14.375,12.848,30381.07,21.298,19.292,44164.301,32.084,20.66,56177.801
JPN,Japan,High-income Importer,0,39664.5,41424.9,0.20224,1252.884,1761.867,4156866.5,1275.881,1774.891,4390924.0,1305.787,1794.077,4656378.5,1215.734,1598.752,4679192.5,1248.054,1521.19,4916079.5,1132.395,1403.297,5099254.0
USA,United States,High-income Importer,0,62498.41,65228.0,0.11058,6173.915,6557.622,11449898.0,6709.443,7662.327,14143361.0,6609.337,7943.575,16062235.0,6324.164,7110.418,16801388.0,6018.883,6898.926,18776158.0,5829.323,6750.298,20563592.0
CHL,Chile,Resource,0,23284.62,14497.0,0.08969,56.475,59.81,184540.344,71.47,75.166,226200.578,76.127,82.627,281748.5,91.578,99.366,338959.531,103.273,112.123,410327.469,114.465,122.686,443616.219
MEX,Mexico,Resource,0,18744.11,10369.6,0.19888,408.244,399.86,1300672.0,477.534,544.768,1682700.875,507.432,573.855,1806845.375,582.286,621.773,1944855.75,565.341,603.417,2248800.5,565.563,595.729,2406409.75
COL,Colombia,Resource,0,14028.25,6472.5,0.10927,144.251,144.654,324763.062,138.977,135.237,339928.375,145.285,146.028,406055.156,158.199,163.446,504875.406,163.458,169.275,634645.875,161.38,165.851,695584.438
PER,Peru,Resource,0,12236.04,7037.0,0.12849,47.203,55.312,142965.906,55.613,62.661,162466.375,68.315,70.124,200313.562,84.276,86.508,279358.062,98.622,104.115,352783.688,103.064,105.301,399324.969
BRA,Brazil,Resource,0,14592.43,9029.8,0.10333,716.328,678.075,1815769.5,802.216,749.75,2005781.25,941.515,787.534,2300215.5,1027.996,1002.531,2862790.75,1127.817,982.975,3029301.75,1093.572,939.489,3042119.0
ARG,Argentina,Resource,0,21852.26,9956.0,0.13541,235.305,225.022,595788.812,258.092,254.123,676603.688,272.733,224.032,744411.0,289.541,261.079,945250.562,320.225,318.511,1017094.75,311.353,264.126,975569.0
